"txnidx","date","date2","status","code","description","comment","account","amount","commodity","credit","debit","posting-status","posting-comment"
"2554","2018-03-22","","","","Facebook Inc (All Sessions) CONS 16@16525 V8XN3:573142~6131 Converted at 0.716200921849839","","assets:investments:ig-share:cash","-1893.64","£","1893.64","","",""
"2554","2018-03-22","","","","Facebook Inc (All Sessions) CONS 16@16525 V8XN3:573142~6131 Converted at 0.716200921849839","","assets:investments:ig-share:positions","16","FB","","16","",""
"2659","2019-03-25","","","","GSU Release RH4BEFF961","","assets:investments:morgan-stanley:vested-gsu","4.24","GOOG","","4.24","",""
"2659","2019-03-25","","","","GSU Release RH4BEFF961","","income:salary:GSU","-5111.32","$","5111.32","","",""
"2562","2019-05-08","","","","Bilibili CONS 10@1709 V8XN3:763725~16448 Converted at 0.7675065963568948995","","assets:investments:ig-share:cash","-131.17","£","131.17","","",""
"2562","2019-05-08","","","","Bilibili CONS 10@1709 V8XN3:763725~16448 Converted at 0.7675065963568948995","","assets:investments:ig-share:positions","10","BILI","","10","",""
"2564","2019-05-09","","","","Bilibili CONS 10@1700 V8XN3:763725~16465 Converted at 0.7703038292916598995","","assets:investments:ig-share:cash","-130.95","£","130.95","","",""
"2564","2019-05-09","","","","Bilibili CONS 10@1700 V8XN3:763725~16465 Converted at 0.7703038292916598995","","assets:investments:ig-share:positions","10","BILI","","10","",""
"2565","2019-05-10","","","","Bilibili CONS 10@1690 V8XN3:763719~16813 Converted at 0.772996650348345","","assets:investments:ig-share:cash","-130.64","£","130.64","","",""
"2565","2019-05-10","","","","Bilibili CONS 10@1690 V8XN3:763719~16813 Converted at 0.772996650348345","","assets:investments:ig-share:positions","10","BILI","","10","",""
"2660","2019-06-25","","","","GSU Release RH4ED1B1D5","","assets:investments:morgan-stanley:vested-gsu","4.771","GOOG","","4.771","",""
"2660","2019-06-25","","","","GSU Release RH4ED1B1D5","","income:salary:GSU","-5322.15","$","5322.15","","",""
"2568","2019-07-24","","","","Bilibili CONS 15@1558 V8XN3:801739~16446 Converted at 0.797275641025590","","assets:investments:ig-share:cash","186.32","£","","186.32","",""
"2568","2019-07-24","","","","Bilibili CONS 15@1558 V8XN3:801739~16446 Converted at 0.797275641025590","","assets:investments:ig-share:positions","-15","BILI","15","","",""
"2569","2019-07-24","","","","Amplify ETF Trust - Amplify Online Retail ETF CONS 4@4998 V8XN3:801739~16453 Converted at 0.805282008958020","","assets:investments:ig-share:cash","-160.99","£","160.99","","",""
"2569","2019-07-24","","","","Amplify ETF Trust - Amplify Online Retail ETF CONS 4@4998 V8XN3:801739~16453 Converted at 0.805282008958020","","assets:investments:ig-share:positions","4","IBUY","","4","",""
"2571","2019-08-29","","","","Amplify ETF Trust - Amplify Online Retail ETF CONS 4@4807 V8XN3:822315~4592 Converted at 0.809331305260280","","assets:investments:ig-share:cash","155.62","£","","155.62","",""
"2571","2019-08-29","","","","Amplify ETF Trust - Amplify Online Retail ETF CONS 4@4807 V8XN3:822315~4592 Converted at 0.809331305260280","","assets:investments:ig-share:positions","-4","IBUY","4","","",""
"2661","2019-09-25","","","","GSU Release RH51ED1392","","assets:investments:morgan-stanley:vested-gsu","4.24","GOOG","","4.24","",""
"2661","2019-09-25","","","","GSU Release RH51ED1392","","income:salary:GSU","-5167.54","$","5167.54","","",""
"2662","2019-12-25","","","","GSU Release RH56755636","","assets:investments:morgan-stanley:vested-gsu","4.771","GOOG","","4.771","",""
"2662","2019-12-25","","","","GSU Release RH56755636","","income:salary:GSU","-6410.12","$","6410.12","","",""
"2663","2020-03-25","","","","GSU Release RH5618E9A7","","assets:investments:morgan-stanley:vested-gsu","4.24","GOOG","","4.24","",""
"2663","2020-03-25","","","","GSU Release RH5618E9A7","","income:salary:GSU","-4810.11","$","4810.11","","",""
"2576","2020-05-28","","","","Sea Limited CONS 9@8333 V8XN3:985779~58878 Converted at 0.815401928243160","","assets:investments:ig-share:cash","-611.53","£","611.53","","",""
"2576","2020-05-28","","","","Sea Limited CONS 9@8333 V8XN3:985779~58878 Converted at 0.815401928243160","","assets:investments:ig-share:positions","9","SEA","","9","",""
"2578","2020-06-02","","","","Bilibili CONS 15@3143 V8XN3:986903~62801 Converted at 0.8079482620790149005","","assets:investments:ig-share:cash","380.91","£","","380.91","",""
"2578","2020-06-02","","","","Bilibili CONS 15@3143 V8XN3:986903~62801 Converted at 0.8079482620790149005","","assets:investments:ig-share:positions","-15","BILI","15","","",""
"2581","2020-06-09","","","","Boeing Co (All Sessions) CONS 2@20562 V8XN3:993472~53651 Converted at 0.790937508853860","","assets:investments:ig-share:cash","-325.27","£","325.27","","",""
"2581","2020-06-09","","","","Boeing Co (All Sessions) CONS 2@20562 V8XN3:993472~53651 Converted at 0.790937508853860","","assets:investments:ig-share:positions","2","BA","","2","",""
"2664","2020-06-25","","","","GSU Release RH5A3B3074","","assets:investments:morgan-stanley:vested-gsu","4.771","GOOG","","4.771","",""
"2664","2020-06-25","","","","GSU Release RH5A3B3074","","income:salary:GSU","-6831.93","$","6831.93","","",""
"2584","2020-08-07","","","","Boeing Co (All Sessions) CONS 2@17000 V8XN3:1036692~21055 Converted at 0.756598182491955","","assets:investments:ig-share:cash","257.24","£","","257.24","",""
"2584","2020-08-07","","","","Boeing Co (All Sessions) CONS 2@17000 V8XN3:1036692~21055 Converted at 0.756598182491955","","assets:investments:ig-share:positions","-2","BA","2","","",""
"2586","2020-08-10","","","","Sea Limited CONS 2@14500 V8XN3:1036696~22385 Converted at 0.763292395291440","","assets:investments:ig-share:cash","-221.35","£","221.35","","",""
"2586","2020-08-10","","","","Sea Limited CONS 2@14500 V8XN3:1036696~22385 Converted at 0.763292395291440","","assets:investments:ig-share:positions","2","SEA","","2","",""
"2589","2020-08-28","","","","Alteryx Inc CONS 10@11884 V8XN3:1051215~16389 Converted at 0.7606542686331898995","","assets:investments:ig-share:cash","-903.96","£","903.96","","",""
"2589","2020-08-28","","","","Alteryx Inc CONS 10@11884 V8XN3:1051215~16389 Converted at 0.7606542686331898995","","assets:investments:ig-share:positions","10","AYX","","10","",""
"2665","2020-09-25","","","","GSU Release RB5CF69998","","assets:investments:morgan-stanley:vested-gsu","4.24","GOOG","","4.24","",""
"2665","2020-09-25","","","","GSU Release RB5CF69998","","income:salary:GSU","-6055.95","$","6055.95","","",""
"2591","2020-11-03","","","","Sea Limited CONS 5@15649 V8XN3:1115373~25685 Converted at 0.7763900181733348995","","assets:investments:ig-share:cash","-607.49","£","607.49","","",""
"2591","2020-11-03","","","","Sea Limited CONS 5@15649 V8XN3:1115373~25685 Converted at 0.7763900181733348995","","assets:investments:ig-share:positions","5","SEA","","5","",""
"2593","2020-11-14","","","","Sea Limited CONS 8@16028 V8XN3:1122540~36911 Converted at 0.760024956043785","","assets:investments:ig-share:cash","-974.53","£","974.53","","",""
"2593","2020-11-14","","","","Sea Limited CONS 8@16028 V8XN3:1122540~36911 Converted at 0.760024956043785","","assets:investments:ig-share:positions","8","SEA","","8","",""
"2666","2020-12-25","","","","GSU Release RB5F6246F0","","assets:investments:morgan-stanley:vested-gsu","3.71","GOOG","","3.71","",""
"2666","2020-12-25","","","","GSU Release RB5F6246F0","","income:salary:GSU","-6451.13","$","6451.13","","",""
"2667","2020-12-25","","","","GSU Release RB5F51A0F4","","assets:investments:morgan-stanley:vested-gsu","4.771","GOOG","","4.771","",""
"2667","2020-12-25","","","","GSU Release RB5F51A0F4","","income:salary:GSU","-8296.05","$","8296.05","","",""
"2595","2021-01-27","","","","Alteryx Inc CONS 10@12800 V8XN3:1171100~17558 Converted at 0.727065468774525","","assets:investments:ig-share:cash","930.64","£","","930.64","",""
"2595","2021-01-27","","","","Alteryx Inc CONS 10@12800 V8XN3:1171100~17558 Converted at 0.727065468774525","","assets:investments:ig-share:positions","-10","AYX","10","","",""
"2601","2021-01-29","","","","Blackberry Ltd (US) CONS 26@2476 V8XN3:1171105~60971 Converted at 0.734409151395615","","assets:investments:ig-share:cash","-472.78","£","472.78","","",""
"2601","2021-01-29","","","","Blackberry Ltd (US) CONS 26@2476 V8XN3:1171105~60971 Converted at 0.734409151395615","","assets:investments:ig-share:positions","26","BB","","26","",""
"2602","2021-02-01","","","","Blackberry Ltd (US) CONS 26@2036 V8XN3:1174766~43634 Converted at 0.726012404232145","","assets:investments:ig-share:cash","384.32","£","","384.32","",""
"2602","2021-02-01","","","","Blackberry Ltd (US) CONS 26@2036 V8XN3:1174766~43634 Converted at 0.726012404232145","","assets:investments:ig-share:positions","-26","BB","26","","",""
"2604","2021-02-02","","","","Naked Brand Group Limited CONS 484@138 V8XN3:1171108~62797 Converted at 0.734431155665595","","assets:investments:ig-share:cash","-490.54","£","490.54","","",""
"2604","2021-02-02","","","","Naked Brand Group Limited CONS 484@138 V8XN3:1171108~62797 Converted at 0.734431155665595","","assets:investments:ig-share:positions","484","NAKD","","484","",""
"2606","2021-02-02","","","","Naked Brand Group Limited CONS 484@247.1488 V8XN3:1174763~47660 Converted at 0.725158140956425","","assets:investments:ig-share:cash","867.43","£","","867.43","",""
"2606","2021-02-02","","","","Naked Brand Group Limited CONS 484@247.1488 V8XN3:1174763~47660 Converted at 0.725158140956425","","assets:investments:ig-share:positions","-484","NAKD","484","","",""
"46","2021-02-04","","","","GSU Sales","","assets:investments:morgan-stanley:vested-gsu","-2.000","GOOG","2.000","","",""
"46","2021-02-04","","","","GSU Sales","","assets:investments:morgan-stanley:cash","4102.68","$","","4102.68","",""
"2608","2021-02-25","","","","Sea Limited CONS 6@24000 V8XN3:1192430~27465 Converted at 0.713486781504120","","assets:investments:ig-share:cash","-1027.42","£","1027.42","","",""
"2608","2021-02-25","","","","Sea Limited CONS 6@24000 V8XN3:1192430~27465 Converted at 0.713486781504120","","assets:investments:ig-share:positions","6","SEA","","6","",""
"2609","2021-02-25","","","","Sea Limited CONS 5@24027 V8XN3:1192427~22270 Converted at 0.713350803921735","","assets:investments:ig-share:cash","-856.98","£","856.98","","",""
"2609","2021-02-25","","","","Sea Limited CONS 5@24027 V8XN3:1192427~22270 Converted at 0.713350803921735","","assets:investments:ig-share:positions","5","SEA","","5","",""
"2610","2021-03-01","","","","Sea Limited CONS 2@23500 V8XN3:1194997~39221 Converted at 0.713998237383735","","assets:investments:ig-share:cash","-335.58","£","335.58","","",""
"2610","2021-03-01","","","","Sea Limited CONS 2@23500 V8XN3:1194997~39221 Converted at 0.713998237383735","","assets:investments:ig-share:positions","2","SEA","","2","",""
"50","2021-03-02","","","","GSU Sales","","assets:investments:morgan-stanley:vested-gsu","-5.000","GOOG","5.000","","",""
"50","2021-03-02","","","","GSU Sales","","assets:investments:morgan-stanley:cash","10449.94","$","","10449.94","",""
"51","2021-03-05","","","","GSU Sales","","assets:investments:morgan-stanley:vested-gsu","-6.000","GOOG","6.000","","",""
"51","2021-03-05","","","","GSU Sales","","assets:investments:morgan-stanley:cash","12599.93","$","","12599.93","",""
"2612","2021-03-08","","","","Facebook Inc (All Sessions) CONS 6@25500 V8XN3:1197671~42481 Converted at 0.713434765353615","","assets:investments:ig-share:cash","1091.56","£","","1091.56","",""
"2612","2021-03-08","","","","Facebook Inc (All Sessions) CONS 6@25500 V8XN3:1197671~42481 Converted at 0.713434765353615","","assets:investments:ig-share:positions","-6","FB","6","","",""
"2613","2021-03-08","","","","Facebook Inc (All Sessions) CONS 10@25403 V8XN3:1197671~42524 Converted at 0.7135585811874949005","","assets:investments:ig-share:cash","1812.65","£","","1812.65","",""
"2613","2021-03-08","","","","Facebook Inc (All Sessions) CONS 10@25403 V8XN3:1197671~42524 Converted at 0.7135585811874949005","","assets:investments:ig-share:positions","-10","FB","10","","",""
"2615","2021-03-08","","","","Sea Limited CONS 5@23500 V8XN3:1197675~36993 Converted at 0.717774855096585","","assets:investments:ig-share:cash","-843.39","£","843.39","","",""
"2615","2021-03-08","","","","Sea Limited CONS 5@23500 V8XN3:1197675~36993 Converted at 0.717774855096585","","assets:investments:ig-share:positions","5","SEA","","5","",""
"2616","2021-03-08","","","","Sea Limited CONS 6@22000 V8XN3:1197675~42694 Converted at 0.723685134318825","","assets:investments:ig-share:cash","-955.26","£","955.26","","",""
"2616","2021-03-08","","","","Sea Limited CONS 6@22000 V8XN3:1197675~42694 Converted at 0.723685134318825","","assets:investments:ig-share:positions","6","SEA","","6","",""
"2617","2021-03-11","","","","Brookfield Infrastructure Corporation CONS 5@7030 V8XN3:1199877~57836 Converted at 0.722609591294505","","assets:investments:ig-share:cash","-254.00","£","254.00","","",""
"2617","2021-03-11","","","","Brookfield Infrastructure Corporation CONS 5@7030 V8XN3:1199877~57836 Converted at 0.722609591294505","","assets:investments:ig-share:positions","5","BIPC","","5","",""
"2618","2021-03-16","","","","Brookfield Infrastructure Corporation CONS 5@7548 V8XN3:1202297~27100 Converted at 0.716229250946445","","assets:investments:ig-share:cash","270.30","£","","270.30","",""
"2618","2021-03-16","","","","Brookfield Infrastructure Corporation CONS 5@7548 V8XN3:1202297~27100 Converted at 0.716229250946445","","assets:investments:ig-share:positions","-5","BIPC","5","","",""
"2619","2021-03-16","","","","Brookfield Infrastructure Corporation CONS 5@7550 V8XN3:1202297~27233 Converted at 0.723287742215685","","assets:investments:ig-share:cash","-273.04","£","273.04","","",""
"2619","2021-03-16","","","","Brookfield Infrastructure Corporation CONS 5@7550 V8XN3:1202297~27233 Converted at 0.723287742215685","","assets:investments:ig-share:positions","5","BIPC","","5","",""
"2620","2021-03-18","","","","Brookfield Infrastructure Corporation CONS 5@7217 V8XN3:1204546~23419 Converted at 0.716137492640460","","assets:investments:ig-share:cash","258.42","£","","258.42","",""
"2620","2021-03-18","","","","Brookfield Infrastructure Corporation CONS 5@7217 V8XN3:1204546~23419 Converted at 0.716137492640460","","assets:investments:ig-share:positions","-5","BIPC","5","","",""
"2621","2021-03-18","","","","Walt Disney Co (All Sessions) CONS 6@19500 V8XN3:1204541~39812 Converted at 0.7238057924630998995","","assets:investments:ig-share:cash","-846.85","£","846.85","","",""
"2621","2021-03-18","","","","Walt Disney Co (All Sessions) CONS 6@19500 V8XN3:1204541~39812 Converted at 0.7238057924630998995","","assets:investments:ig-share:positions","6","DIS","","6","",""
"2622","2021-03-19","","","","SPDR S&P 500 ETF Trust (All Sessions) CONS 1@39727 V8XN3:1204542~23822 Converted at 0.723617916779205","","assets:investments:ig-share:cash","-287.47","£","287.47","","",""
"2622","2021-03-19","","","","SPDR S&P 500 ETF Trust (All Sessions) CONS 1@39727 V8XN3:1204542~23822 Converted at 0.723617916779205","","assets:investments:ig-share:positions","1","SPY","","1","",""
"2668","2021-03-25","","","","GSU Release RB61B05646","","assets:investments:morgan-stanley:vested-gsu","1.06","GOOG","","1.06","",""
"2668","2021-03-25","","","","GSU Release RB61B05646","","income:salary:GSU","-2167.76","$","2167.76","","",""
"2669","2021-03-25","","","","GSU Release RB61901685","","assets:investments:morgan-stanley:vested-gsu","4.24","GOOG","","4.24","",""
"2669","2021-03-25","","","","GSU Release RB61901685","","income:salary:GSU","-8671.05","$","8671.05","","",""
"2625","2021-03-31","","","","SPDR S&P 500 ETF Trust (All Sessions) CONS 1@39605 V8XN3:1212516~25495 Converted at 0.7297049450760748995","","assets:investments:ig-share:cash","-289.00","£","289.00","","",""
"2625","2021-03-31","","","","SPDR S&P 500 ETF Trust (All Sessions) CONS 1@39605 V8XN3:1212516~25495 Converted at 0.7297049450760748995","","assets:investments:ig-share:positions","1","SPY","","1","",""
"2627","2021-04-07","","","","SPDR S&P 500 ETF Trust (All Sessions) CONS 1@40459.9 V8XN3:1215555~8896 Converted at 0.722954228364795","","assets:investments:ig-share:cash","-292.51","£","292.51","","",""
"2627","2021-04-07","","","","SPDR S&P 500 ETF Trust (All Sessions) CONS 1@40459.9 V8XN3:1215555~8896 Converted at 0.722954228364795","","assets:investments:ig-share:positions","1","SPY","","1","",""
"58","2021-04-29","","","","GSU Sales","","assets:investments:morgan-stanley:vested-gsu","-6.000","GOOG","6.000","","",""
"58","2021-04-29","","","","GSU Sales","","assets:investments:morgan-stanley:cash","14579.92","$","","14579.92","",""
"60","2021-05-04","","","","GSU Sales","","assets:investments:morgan-stanley:vested-gsu","-6.000","GOOG","6.000","","",""
"60","2021-05-04","","","","GSU Sales","","assets:investments:morgan-stanley:cash","14159.92","$","","14159.92","",""
"62","2021-05-07","","","","GSU Sales","","assets:investments:morgan-stanley:vested-gsu","-2.000","GOOG","2.000","","",""
"62","2021-05-07","","","","GSU Sales","","assets:investments:morgan-stanley:cash","4819.97","$","","4819.97","",""
"63","2021-05-13","","","","GSU Sales","","assets:investments:morgan-stanley:vested-gsu","-5.000","GOOG","5.000","","",""
"63","2021-05-13","","","","GSU Sales","","assets:investments:morgan-stanley:cash","11249.94","$","","11249.94","",""
"64","2021-05-14","","","","GSU Sales","","assets:investments:morgan-stanley:vested-gsu","-1.000","GOOG","1.000","","",""
"64","2021-05-14","","","","GSU Sales","","assets:investments:morgan-stanley:cash","2299.98","$","","2299.98","",""
"2670","2021-06-25","","","","GSU Release RB64F70919","","assets:investments:morgan-stanley:vested-gsu","1.06","GOOG","","1.06","",""
"2670","2021-06-25","","","","GSU Release RB64F70919","","income:salary:GSU","-2698.38","$","2698.38","","",""
"2671","2021-06-25","","","","GSU Release RB64C6EB13","","assets:investments:morgan-stanley:vested-gsu","4.771","GOOG","","4.771","",""
"2671","2021-06-25","","","","GSU Release RB64C6EB13","","income:salary:GSU","-12145.25","$","12145.25","","",""
"2672","2021-09-25","","","","GSU Release RB66EC9385","","assets:investments:morgan-stanley:vested-gsu","1.06","GOOG","","1.06","",""
"2672","2021-09-25","","","","GSU Release RB66EC9385","","income:salary:GSU","-3023.82","$","3023.82","","",""
"2673","2021-09-25","","","","GSU Release RB66CED9C3","","assets:investments:morgan-stanley:vested-gsu","4.24","GOOG","","4.24","",""
"2673","2021-09-25","","","","GSU Release RB66CED9C3","","income:salary:GSU","-12095.28","$","12095.28","","",""
"2674","2021-12-25","","","","GSU Release RB6AE9F671","","assets:investments:morgan-stanley:vested-gsu","1.06","GOOG","","1.06","",""
"2674","2021-12-25","","","","GSU Release RB6AE9F671","","income:salary:GSU","-3119.42","$","3119.42","","",""
"2675","2021-12-25","","","","GSU Release RB6AB90105","","assets:investments:morgan-stanley:vested-gsu","4.24","GOOG","","4.24","",""
"2675","2021-12-25","","","","GSU Release RB6AB90105","","income:salary:GSU","-12477.68","$","12477.68","","",""
"2676","2021-12-25","","","","GSU Release RB6AB272D3","","assets:investments:morgan-stanley:vested-gsu","4.771","GOOG","","4.771","",""
"2676","2021-12-25","","","","GSU Release RB6AB272D3","","income:salary:GSU","-14040.34","$","14040.34","","",""
"74","2022-02-04","","","","GSU Sales","","assets:investments:morgan-stanley:vested-gsu","-7.000","GOOG","7.000","","",""
"74","2022-02-04","","","","GSU Sales","","assets:investments:morgan-stanley:cash","19914.89","$","","19914.89","",""
"2677","2022-03-25","","","","GSU Release RB6D3FBDF8","","assets:investments:morgan-stanley:vested-gsu","0.53","GOOG","","0.53","",""
"2677","2022-03-25","","","","GSU Release RB6D3FBDF8","","income:salary:GSU","-1497.91","$","1497.91","","",""
"2678","2022-03-25","","","","GSU Release RB6D3FBDE2","","assets:investments:morgan-stanley:vested-gsu","1.06","GOOG","","1.06","",""
"2678","2022-03-25","","","","GSU Release RB6D3FBDE2","","income:salary:GSU","-2995.81","$","2995.81","","",""
"2679","2022-03-25","","","","GSU Release RB6D3FBDC6","","assets:investments:morgan-stanley:vested-gsu","4.24","GOOG","","4.24","",""
"2679","2022-03-25","","","","GSU Release RB6D3FBDC6","","income:salary:GSU","-11983.26","$","11983.26","","",""
"87","2022-06-13","","","","GSU Sales","","assets:investments:morgan-stanley:vested-gsu","-9.000","GOOG","9.000","","",""
"87","2022-06-13","","","","GSU Sales","","assets:investments:morgan-stanley:cash","19622.07","$","","19622.07","",""
"88","2022-06-17","","","","GSU Sales","","assets:investments:morgan-stanley:vested-gsu","-2.000","GOOG","2.000","","",""
"88","2022-06-17","","","","GSU Sales","","assets:investments:morgan-stanley:cash","4295.90","$","","4295.90","",""
"2680","2022-06-25","","","","GSU Release RB70194AF3","","assets:investments:morgan-stanley:vested-gsu","1.036","GOOG","","1.036","",""
"2680","2022-06-25","","","","GSU Release RB70194AF3","","income:salary:GSU","-2456.11","$","2456.11","","",""
"2681","2022-06-25","","","","GSU Release RB70194AA1","","assets:investments:morgan-stanley:vested-gsu","4.658","GOOG","","4.658","",""
"2681","2022-06-25","","","","GSU Release RB70194AA1","","income:salary:GSU","-11043","$","11043","","",""
"2682","2022-06-25","","","","GSU Release RB70194B39","","assets:investments:morgan-stanley:vested-gsu","1.036","GOOG","","1.036","",""
"2682","2022-06-25","","","","GSU Release RB70194B39","","income:salary:GSU","-2456.11","$","2456.11","","",""
"92","2022-07-15","","","","GSU Stock Splits","","assets:investments:morgan-stanley:vested-gsu","528.404","GOOG","","528.404","",""
"92","2022-07-15","","","","GSU Stock Splits","","equity:stock-splits","0","$","","0","",""
"96","2022-08-02","","","","GSU Sales","","assets:investments:morgan-stanley:vested-gsu","-5.000","GOOG","5.000","","",""
"96","2022-08-02","","","","GSU Sales","","assets:investments:morgan-stanley:cash","579.98","$","","579.98","",""
"98","2022-08-22","","","","GSU Sales","","assets:investments:morgan-stanley:vested-gsu","-10.000","GOOG","10.000","","",""
"98","2022-08-22","","","","GSU Sales","","assets:investments:morgan-stanley:cash","1153.68","$","","1153.68","",""
"99","2022-09-02","","","","GSU Sales","","assets:investments:morgan-stanley:vested-gsu","-10.000","GOOG","10.000","","",""
"99","2022-09-02","","","","GSU Sales","","assets:investments:morgan-stanley:cash","1087.88","$","","1087.88","",""
"100","2022-09-07","","","","GSU Sales","","assets:investments:morgan-stanley:vested-gsu","-10.000","GOOG","10.000","","",""
"100","2022-09-07","","","","GSU Sales","","assets:investments:morgan-stanley:cash","1085.57","$","","1085.57","",""
"101","2022-09-12","","","","GSU Sales","","assets:investments:morgan-stanley:vested-gsu","-10.000","GOOG","10.000","","",""
"101","2022-09-12","","","","GSU Sales","","assets:investments:morgan-stanley:cash","1115.02","$","","1115.02","",""
"2683","2022-09-25","","","","GSU Release RB72695FD6","","assets:investments:morgan-stanley:vested-gsu","10.351","GOOG","","10.351","",""
"2683","2022-09-25","","","","GSU Release RB72695FD6","","income:salary:GSU","-1026.51","$","1026.51","","",""
"2684","2022-09-25","","","","GSU Release RB72695F91","","assets:investments:morgan-stanley:vested-gsu","82.801","GOOG","","82.801","",""
"2684","2022-09-25","","","","GSU Release RB72695F91","","income:salary:GSU","-8211.38","$","8211.38","","",""
"2685","2022-09-25","","","","GSU Release RB72695FA8","","assets:investments:morgan-stanley:vested-gsu","20.701","GOOG","","20.701","",""
"2685","2022-09-25","","","","GSU Release RB72695FA8","","income:salary:GSU","-2052.92","$","2052.92","","",""
"102","2022-09-27","","","","GSU Sales","","assets:investments:morgan-stanley:vested-gsu","-50.000","GOOG","50.000","","",""
"102","2022-09-27","","","","GSU Sales","","assets:investments:morgan-stanley:cash","4991.93","$","","4991.93","",""
"2686","2022-12-25","","","","GSU Release RB74F21959","","assets:investments:morgan-stanley:vested-gsu","21.200","GOOG","","21.200","",""
"2686","2022-12-25","","","","GSU Release RB74F21959","","income:salary:GSU","-1903.97","$","1903.97","","",""
"2687","2022-12-25","","","","GSU Release RB74F218F5","","assets:investments:morgan-stanley:vested-gsu","95.400","GOOG","","95.400","",""
"2687","2022-12-25","","","","GSU Release RB74F218F5","","income:salary:GSU","-8567.87","$","8567.87","","",""
"2688","2022-12-25","","","","GSU Release RB74F21921","","assets:investments:morgan-stanley:vested-gsu","31.801","GOOG","","31.801","",""
"2688","2022-12-25","","","","GSU Release RB74F21921","","income:salary:GSU","-2856.05","$","2856.05","","",""
"2689","2022-12-25","","","","GSU Release RB74F21906","","assets:investments:morgan-stanley:vested-gsu","74.200","GOOG","","74.200","",""
"2689","2022-12-25","","","","GSU Release RB74F21906","","income:salary:GSU","-6663.9","$","6663.9","","",""
"116","2023-02-06","","","","GSU Sales","","assets:investments:morgan-stanley:vested-gsu","-71.000","GOOG","71.000","","",""
"116","2023-02-06","","","","GSU Sales","","assets:investments:morgan-stanley:cash","7289.40","$","","7289.40","",""
"127","2023-03-15","","","","GSU Sales","","assets:investments:morgan-stanley:vested-gsu","-65.000","GOOG","65.000","","",""
"127","2023-03-15","","","","GSU Sales","","assets:investments:morgan-stanley:cash","6074.85","$","","6074.85","",""
"128","2023-03-15","","","","GSU Sales","","assets:investments:morgan-stanley:vested-gsu","-63.000","GOOG","63.000","","",""
"128","2023-03-15","","","","GSU Sales","","assets:investments:morgan-stanley:cash","6053.68","$","","6053.68","",""
"131","2023-03-21","","","","GSU Sales","","assets:investments:morgan-stanley:vested-gsu","-61.000","GOOG","61.000","","",""
"131","2023-03-21","","","","GSU Sales","","assets:investments:morgan-stanley:cash","6220.12","$","","6220.12","",""
"132","2023-03-23","","","","GSU Sales","","assets:investments:morgan-stanley:vested-gsu","-59.000","GOOG","59.000","","",""
"132","2023-03-23","","","","GSU Sales","","assets:investments:morgan-stanley:cash","6249.23","$","","6249.23","",""
"2690","2023-03-25","","","","GSU Release RB778B9C25","","assets:investments:morgan-stanley:vested-gsu","21.200","GOOG","","21.200","",""
"2690","2023-03-25","","","","GSU Release RB778B9C25","","income:salary:GSU","-2248.47","$","2248.47","","",""
"2691","2023-03-25","","","","GSU Release RB778B9C48","","assets:investments:morgan-stanley:vested-gsu","10.601","GOOG","","10.601","",""
"2691","2023-03-25","","","","GSU Release RB778B9C48","","income:salary:GSU","-1124.34","$","1124.34","","",""
"2692","2023-03-25","","","","GSU Release RB778B9C68","","assets:investments:morgan-stanley:vested-gsu","10.601","GOOG","","10.601","",""
"2692","2023-03-25","","","","GSU Release RB778B9C68","","income:salary:GSU","-1124.34","$","1124.34","","",""
"2693","2023-04-25","","","","GSU Release RB7869B261","","assets:investments:morgan-stanley:vested-gsu","11.130","GOOG","","11.130","",""
"2693","2023-04-25","","","","GSU Release RB7869B261","","income:salary:GSU","-1188.46","$","1188.46","","",""
"150","2023-05-08","","","","GSU Sales","","assets:investments:morgan-stanley:vested-gsu","-118.000","GOOG","118.000","","",""
"150","2023-05-08","","","","GSU Sales","","assets:investments:morgan-stanley:cash","12584.25","$","","12584.25","",""
"153","2023-05-17","","","","GSU Sales","","assets:investments:morgan-stanley:vested-gsu","-104.000","GOOG","104.000","","",""
"153","2023-05-17","","","","GSU Sales","","assets:investments:morgan-stanley:cash","12464.85","$","","12464.85","",""
"154","2023-05-18","","","","GSU Sales","","assets:investments:morgan-stanley:vested-gsu","-310.206","GOOG","310.206","","",""
"154","2023-05-18","","","","GSU Sales","","assets:investments:morgan-stanley:cash","38133.86","$","","38133.86","",""
"2694","2023-05-25","","","","GSU Release RB799529D7","","assets:investments:morgan-stanley:vested-gsu","11.130","GOOG","","11.130","",""
"2694","2023-05-25","","","","GSU Release RB799529D7","","income:salary:GSU","-1353.85","$","1353.85","","",""
"2695","2023-06-25","","","","GSU Release RB7A83A886","","assets:investments:morgan-stanley:vested-gsu","21.200","GOOG","","21.200","",""
"2695","2023-06-25","","","","GSU Release RB7A83A886","","income:salary:GSU","-2608.02","$","2608.02","","",""
"2696","2023-06-25","","","","GSU Release RB7A83A855","","assets:investments:morgan-stanley:vested-gsu","21.200","GOOG","","21.200","",""
"2696","2023-06-25","","","","GSU Release RB7A83A855","","income:salary:GSU","-2608.02","$","2608.02","","",""
"2697","2023-06-25","","","","GSU Release RB7A83AC96","","assets:investments:morgan-stanley:vested-gsu","10.600","GOOG","","10.600","",""
"2697","2023-06-25","","","","GSU Release RB7A83AC96","","income:salary:GSU","-1304.01","$","1304.01","","",""
"2698","2023-07-25","","","","GSU Release RB7B44E169","","assets:investments:morgan-stanley:vested-gsu","11.130","GOOG","","11.130","",""
"2698","2023-07-25","","","","GSU Release RB7B44E169","","income:salary:GSU","-1356.52","$","1356.52","","",""
"2653","2023-07-28","","","","Walt Disney Co (All Sessions) CONS 6@8572 V8XN3:1682893~14429 Converted at 0.770287495292370","","assets:investments:ig-share:cash","396.17","£","","396.17","",""
"2653","2023-07-28","","","","Walt Disney Co (All Sessions) CONS 6@8572 V8XN3:1682893~14429 Converted at 0.770287495292370","","assets:investments:ig-share:positions","-6","DIS","6","","",""
"2654","2023-07-28","","","","American Superconductor Corp CONS 15@752.99 V8XN3:1682899~14451 Converted at 0.77821704667035","","assets:investments:ig-share:cash","-87.90","£","87.90","","",""
"2654","2023-07-28","","","","American Superconductor Corp CONS 15@752.99 V8XN3:1682899~14451 Converted at 0.77821704667035","","assets:investments:ig-share:positions","15","AMSC","","15","",""
"2657","2023-08-16","","","","American Superconductor Corp CONS 15@988.2 V8XN3:1691208~324 Converted at 0.78384383625","","assets:investments:ig-share:cash","116.19","£","","116.19","",""
"2657","2023-08-16","","","","American Superconductor Corp CONS 15@988.2 V8XN3:1691208~324 Converted at 0.78384383625","","assets:investments:ig-share:positions","-15","AMSC","15","","",""
"2699","2023-08-25","","","","GSU Release RB7C2E4A85","","assets:investments:morgan-stanley:vested-gsu","11.130","GOOG","","11.130","",""
"2699","2023-08-25","","","","GSU Release RB7C2E4A85","","income:salary:GSU","-1451.57","$","1451.57","","",""
"191","2023-09-05","","","","GSU Sales","","assets:investments:morgan-stanley:vested-gsu","-86.390","GOOG","86.390","","",""
"191","2023-09-05","","","","GSU Sales","","assets:investments:morgan-stanley:cash","11773.13","$","","11773.13","",""
"2700","2023-09-25","","","","GSU Release RB7CE03B06","","assets:investments:morgan-stanley:vested-gsu","10.600","GOOG","","10.600","",""
"2700","2023-09-25","","","","GSU Release RB7CE03B06","","income:salary:GSU","-1391.25","$","1391.25","","",""
"2701","2023-09-25","","","","GSU Release RB7CE03AF5","","assets:investments:morgan-stanley:vested-gsu","10.600","GOOG","","10.600","",""
"2701","2023-09-25","","","","GSU Release RB7CE03AF5","","income:salary:GSU","-1391.25","$","1391.25","","",""
"2702","2023-09-25","","","","GSU Release RB7CE03844","","assets:investments:morgan-stanley:vested-gsu","21.200","GOOG","","21.200","",""
"2702","2023-09-25","","","","GSU Release RB7CE03844","","income:salary:GSU","-2782.5","$","2782.5","","",""
"197","2023-09-28","","","","GSU Sales","","assets:investments:morgan-stanley:vested-gsu","-42.400","GOOG","42.400","","",""
"197","2023-09-28","","","","GSU Sales","","assets:investments:morgan-stanley:cash","5547.99","$","","5547.99","",""
"2703","2023-10-25","","","","GSU Release RB7DB47E99","","assets:investments:morgan-stanley:vested-gsu","11.131","GOOG","","11.131","",""
"2703","2023-10-25","","","","GSU Release RB7DB47E99","","income:salary:GSU","-1559.68","$","1559.68","","",""
"2704","2023-11-25","","","","GSU Release RB7EBB8A06","","assets:investments:morgan-stanley:vested-gsu","11.131","GOOG","","11.131","",""
"2704","2023-11-25","","","","GSU Release RB7EBB8A06","","income:salary:GSU","-1538.53","$","1538.53","","",""
"328","2023-12-01","","","","GSU Sales","","assets:investments:morgan-stanley:vested-gsu","-22.262","GOOG","22.262","","",""
"328","2023-12-01","","","","GSU Sales","","assets:investments:morgan-stanley:cash","2967.94","$","","2967.94","",""
"435","2023-12-21","","","","SPDR S&P 500 ETF Trust (All Sessions) CONS 3@47390.05 V8XN3:1742959~12548 Converted at 0.7804340860670299005","","assets:investments:ig-share:cash","1109.54","£","","1109.54","",""
"435","2023-12-21","","","","SPDR S&P 500 ETF Trust (All Sessions) CONS 3@47390.05 V8XN3:1742959~12548 Converted at 0.7804340860670299005","","assets:investments:ig-share:positions","-3","SPY","3","","",""
"437","2023-12-21","","","","Sea Limited CONS 48@3618 V8XN3:1742956~12343 Converted at 0.780491019058595","","assets:investments:ig-share:cash","1355.43","£","","1355.43","",""
"437","2023-12-21","","","","Sea Limited CONS 48@3618 V8XN3:1742956~12343 Converted at 0.780491019058595","","assets:investments:ig-share:positions","-48","SEA","48","","",""
"438","2023-12-21","","","","Microsoft Corp (All Sessions) CONS 9@37167.7 V8XN3:1742959~12556 Converted at 0.78822849371460","","assets:investments:ig-share:cash","-2636.70","£","2636.70","","",""
"438","2023-12-21","","","","Microsoft Corp (All Sessions) CONS 9@37167.7 V8XN3:1742959~12556 Converted at 0.78822849371460","","assets:investments:ig-share:positions","9","MSFT","","9","",""
"2705","2023-12-25","","","","GSU Release RB7F600EB1","","assets:investments:morgan-stanley:vested-gsu","10.600","GOOG","","10.600","",""
"2705","2023-12-25","","","","GSU Release RB7F600EB1","","income:salary:GSU","-1512.83","$","1512.83","","",""
"2706","2023-12-25","","","","GSU Release RB7F600EA1","","assets:investments:morgan-stanley:vested-gsu","21.200","GOOG","","21.200","",""
"2706","2023-12-25","","","","GSU Release RB7F600EA1","","income:salary:GSU","-3025.66","$","3025.66","","",""
"2707","2023-12-25","","","","GSU Release RB7F600E80","","assets:investments:morgan-stanley:vested-gsu","21.200","GOOG","","21.200","",""
"2707","2023-12-25","","","","GSU Release RB7F600E80","","income:salary:GSU","-3025.66","$","3025.66","","",""
"2708","2023-12-25","","","","GSU Release RB7F600E65","","assets:investments:morgan-stanley:vested-gsu","84.801","GOOG","","84.801","",""
"2708","2023-12-25","","","","GSU Release RB7F600E65","","income:salary:GSU","-12102.8","$","12102.8","","",""
"2709","2024-01-25","","","","GSU Release RB809A6CB6","","assets:investments:morgan-stanley:vested-gsu","10.600","GOOG","","10.600","",""
"2709","2024-01-25","","","","GSU Release RB809A6CB6","","income:salary:GSU","-1593.71","$","1593.71","","",""
"2710","2024-02-25","","","","GSU Release RB81923918","","assets:investments:morgan-stanley:vested-gsu","10.600","GOOG","","10.600","",""
"2710","2024-02-25","","","","GSU Release RB81923918","","income:salary:GSU","-1540.07","$","1540.07","","",""
"869","2024-03-07","","","","GSU Sales","","assets:investments:morgan-stanley:vested-gsu","-159.001","GOOG","159.001","","",""
"869","2024-03-07","","","","GSU Sales","","assets:investments:morgan-stanley:cash","21288.46","$","","21288.46","",""
"874","2024-03-08","","","","Microsoft Corp (All Sessions) CONS 9@40193.25 V8XN3:1784108~11315 Converted at 0.781916126725535","","assets:investments:ig-share:cash","2828.50","£","","2828.50","",""
"874","2024-03-08","","","","Microsoft Corp (All Sessions) CONS 9@40193.25 V8XN3:1784108~11315 Converted at 0.781916126725535","","assets:investments:ig-share:positions","-9","MSFT","9","","",""
"2711","2024-03-25","","","","GSU Release RB8280BAF5","","assets:investments:morgan-stanley:vested-gsu","6.361","GOOG","","6.361","",""
"2711","2024-03-25","","","","GSU Release RB8280BAF5","","income:salary:GSU","-965.41","$","965.41","","",""
"2712","2024-03-25","","","","GSU Release RB8280B818","","assets:investments:morgan-stanley:vested-gsu","11.130","GOOG","","11.130","",""
"2712","2024-03-25","","","","GSU Release RB8280B818","","income:salary:GSU","-1689.2","$","1689.2","","",""
"2713","2024-03-25","","","","GSU Release RB8280B7D8","","assets:investments:morgan-stanley:vested-gsu","21.200","GOOG","","21.200","",""
"2713","2024-03-25","","","","GSU Release RB8280B7D8","","income:salary:GSU","-3217.52","$","3217.52","","",""
"2714","2024-03-25","","","","GSU Release RB8280B792","","assets:investments:morgan-stanley:vested-gsu","21.200","GOOG","","21.200","",""
"2714","2024-03-25","","","","GSU Release RB8280B792","","income:salary:GSU","-3217.52","$","3217.52","","",""
"973","2024-03-27","","","","GSU Sales","","assets:investments:morgan-stanley:vested-gsu","-59.891","GOOG","59.891","","",""
"973","2024-03-27","","","","GSU Sales","","assets:investments:morgan-stanley:cash","9018.01","$","","9018.01","",""
